"PART NO"	"year"	"Predicted Quantity"	"Predicted Item Total"	"Currency"
"P002"	2025	2031.0489758251333	156.63771585064595	"INR"
"P003"	2025	510.01447781864215	285.557261443692	"INR"
"P005"	2025	12070.483642652529	1946.2000982704096	"INR"
"P006"	2025	958.5126313455486	95.0	"INR"
"P008"	2025	870.6034625141356	261.0781297482835	"INR"
"P009"	2025	987.284935056821	553.9761735647521	"INR"
"P012"	2025	666.4930575755329	1005.6768816488953	"INR"
"P052"	2025	847.0709511617109	1005.6768816488953	"INR"
